Modo,Hora_inicio,Origen,Destino,Ponderador,Origen_ageb,Destino_ageb,Periodo
Transporte Público,0,140980243,1407000211185,9,6237,3094,EM
Transporte Público,0,1403900012588,1403900014014,125,212,288,EM
Transporte Público,0,1403900012624,1403900012639,136,216,217,EM
Transporte Público,0,1403900012639,1403900012624,136,217,216,EM
Transporte Público,0,1403900013406,1403900015474,125,241,422,EM
Transporte Público,0,1403900014014,1403900012588,125,288,212,EM
Transporte Público,0,1403900014048,140390001350A,125,291,243,EM
Transporte Público,0,1403900014298,1403900014300,131,315,316,EM
Transporte Público,0,1403900014300,1403900014298,131,316,315,EM
Transporte Público,0,1403900015065,141010001019A,131,383,7003,EM
Transporte Público,0,1403900015224,1403900015667,131,399,441,EM
Transporte Público,0,1403900015474,1403900013406,125,422,241,EM
Transporte Público,0,1403900015525,1409800011843,125,427,6093,EM
Transporte Público,0,1403900015667,1403900015224,131,441,399,EM
Transporte Público,0,1407000211185,140980243,9,3094,6237,EM
Transporte Público,0,1407000430651,1407000431147,9,3103,3115,EM
Transporte Público,0,1407000431147,1407000430651,9,3115,3103,EM
Transporte Público,0,1409700350138,1409700353734,54,5169,5178,EM
Transporte Público,0,1409700353734,1409700350138,54,5178,5169,EM
Transporte Público,0,1409708441687,1409708441691,59,5345,5346,EM
Transporte Público,0,1409708441691,1409708441687,59,5346,5345,EM
Transporte Público,0,1409800010101,1409800010116,136,6006,6007,EM
Transporte Público,0,1409800010116,1409800010101,136,6007,6006,EM
Transporte Público,0,1409800010506,1409800011542,136,6017,6071,EM
Transporte Público,0,1409800011190,140980001135A,125,6046,6057,EM
Transporte Público,0,1409800011542,1409800010506,136,6071,6017,EM
Transporte Público,0,1409800011843,1403900015525,125,6093,427,EM
Transporte Público,0,1409800012413,140390001400A,136,6130,287,EM
Transporte Público,0,1409800012983,1409800013303,13,6180,6205,EM
Transporte Público,0,1409800013303,1409800012983,13,6205,6180,EM
Transporte Público,0,1410100010151,1410100011268,10,7002,7078,EM
Transporte Público,0,1410100011268,1410100010151,10,7078,7002,EM
Transporte Público,0,1410100011751,1410100012603,82,7114,7149,EM
Transporte Público,0,1410100012603,1410100011751,82,7149,7114,EM
Transporte Público,0,1412000010405,1412000014183,63,8011,8227,EM
Transporte Público,0,1412000014183,1412000010405,63,8227,8011,EM
Transporte Público,0,140390001350A,1403900014048,125,243,291,EM
Transporte Público,0,140390001400A,1409800012413,136,287,6130,EM
Transporte Público,0,140980001135A,1409800011190,125,6057,6046,EM
Transporte Público,0,141010001019A,1403900015065,131,7003,383,EM
Transporte Público,1,140972308,1409708312011,54,5384,5298,EM
Transporte Público,1,141205567,141200142,7,8546,8459,EM
Transporte Público,1,1403900011734,1403900010346,404,144,21,EM
Transporte Público,1,1403900011734,1403900012287,131,144,190,EM
Transporte Público,1,1403900013656,1403900014809,114,256,357,EM
Transporte Público,1,1403900014067,1403900011359,119,293,111,EM
Transporte Público,1,1405100010069,140510001004A,1,2003,2001,EM
Transporte Público,1,1405100020213,140510001004A,12,2018,2001,EM
Transporte Público,1,1407000431039,14070140A,9,3112,3131,EM
Transporte Público,1,1409700010918,140970023276A,31,5009,5084,EM
Transporte Público,1,1409800011167,1403900012639,250,6043,217,EM
Transporte Público,1,1409800011631,1409800011716,52,6075,6082,EM
Transporte Público,1,1410100010433,1410100010946,101,7011,7052,EM
Transporte Público,1,1410100010537,1410100010912,10,7020,7049,EM
Transporte Público,1,1410100011268,1403900013177,10,7078,234,EM
Transporte Público,1,1410100011592,1410100010946,23,7104,7052,EM
Transporte Público,1,1410100012054,1410100010927,82,7131,7050,EM
Transporte Público,1,1410100092181,1410100010946,124,7176,7052,EM
Transporte Público,1,1410100312317,1407001111378,13,7211,3125,EM
Transporte Público,1,1412000010617,1412000010405,62,8014,8011,EM
Transporte Público,1,1412000012204,1412000012204,95,8073,8073,EM
Transporte Público,1,1412000014215,141200001486A,27,8230,8284,EM
Transporte Público,1,1412000015340,141200001066A,26,8312,8018,EM
Transporte Público,1,1412000016391,1412000016391,28,8363,8363,EM
Transporte Público,1,140510001004A,1407000010100,1,2001,3004,EM
Transporte Público,1,140700020126A,1407000130416,33,3078,3034,EM
Transporte Público,1,140980001142A,1409800011716,104,6062,6082,EM
Transporte Público,1,140980001167A,1403900014936,96,6079,370,EM
Transporte Público,1,141010001108A,1403900015671,136,7065,442,EM
Transporte Público,1,141010001250A,140390001119A,23,7143,98,EM
Transporte Público,2,140980243,140700021101A,9,6237,3088,EM
Transporte Público,2,1403900011170,1403900010736,202,96,55,EM
Transporte Público,2,1403900011359,1403900010863,23,111,67,EM
Transporte Público,2,1403900011359,1412002312026,132,111,8465,EM
Transporte Público,2,1403900011359,141200231205A,132,111,8467,EM
Transporte Público,2,1405100010139,1405100010054,13,2010,2002,EM
Transporte Público,2,1407000010115,140701467,13,3005,3133,EM
Transporte Público,2,1407000130416,1403900013618,36,3034,253,EM
Transporte Público,2,1409705601032,1409700320180,59,5236,5136,EM
Transporte Público,2,1409800010506,1403900011715,137,6017,142,EM
Transporte Público,2,1409800011608,1409800011398,26,6074,6061,EM
Transporte Público,2,1409800011631,1409800012451,52,6075,6134,EM
Transporte Público,2,1409800012856,1409800011398,13,6171,6061,EM
Transporte Público,2,1410101892660,1409800010351,164,7222,6013,EM
Transporte Público,3,1403900011359,1409800010879,356,111,6028,EM
Transporte Público,3,1403900012569,1403900015366,13,210,412,EM
Transporte Público,3,1403900013641,1409800013375,91,255,6212,EM
Transporte Público,3,1403900013707,141011959,27,260,7229,EM
Transporte Público,3,1403900014283,1403900011363,140,314,112,EM
Transporte Público,3,1403900014936,141240029,6,370,9042,EM
Transporte Público,3,1403900014936,141240033,6,370,9043,EM
Transporte Público,3,1403900014936,1403900013656,489,370,256,EM
Transporte Público,3,1404400100238,1404400100238,15,1028,1028,EM
Transporte Público,3,1404401700399,1404400540416,15,1039,1034,EM
Transporte Público,3,1407000130365,1403900015366,36,3032,412,EM
Transporte Público,3,1407000210736,1403900011359,9,3082,111,EM
Transporte Público,3,1409700012098,1409700320284,31,5021,5139,EM
Transporte Público,3,1409700250763,1409708311653,54,5094,5297,EM
Transporte Público,3,1409700340250,140970180123A,11,5156,5225,EM
Transporte Público,3,1409800010031,1410101902374,13,6001,7224,EM
Transporte Público,3,1409800011434,1410100011554,13,6063,7100,EM
Transporte Público,3,1409800011928,140440002012A,4,6099,1015,EM
Transporte Público,3,1409800012803,1403900013641,101,6166,255,EM
Transporte Público,3,1410100010151,1403900011626,10,7002,133,EM
Transporte Público,3,1410100011554,1410100010433,13,7100,7011,EM
Transporte Público,3,1410100312317,1403900011359,36,7211,111,EM
Transporte Público,3,1412000013005,1412000012914,56,8146,8137,EM
Transporte Público,3,1412000015798,1409800012841,13,8335,6170,EM
Transporte Público,3,1412002314145,1412000016550,14,8475,8372,EM
Transporte Público,3,1412002434713,1412000013397,7,8517,8176,EM
Transporte Público,3,1412004307421,1412007580848,33,8521,8542,EM
Transporte Público,3,141010001097A,1403900011359,10,7055,111,EM
